collected_at,observed_at,province,query_city,iq_city,iq_state,lat,lon,us_aqi,main_pollutant,temp_c,humidity,wind_ms,pressure_hpa
2026-10-11T01:37:59+05:30,2026-10-11T00:30,Central,Nuwara Eliya,Nuwara Eliya,Central,6.97078,80.78286,49,p2,14,97,1.11,1060
2026-10-11T01:37:59+05:30,2026-10-11T00:30,Eastern Province,Ampara,Ampara,Eastern Province,7.29754,81.68202,144,p2,25,90,0.83,1010
2026-10-11T01:37:59+05:30,2026-10-11T00:30,Eastern Province,Batticaloa,Batticaloa,Eastern Province,7.7102,81.6924,44,p2,27,83,0.83,1011
2026-10-11T01:37:59+05:30,2026-10-11T00:30,Eastern Province,Trincomalee,Trincomalee,Eastern Province,8.5711,81.2335,64,p2,28,77,3.61,1010
2026-10-11T01:37:59+05:30,2026-10-11T00:30,North Central,Anuradhapura,Anuradhapura,North Central,8.31223,80.41306,90,p2,25,92,2.22,1010
2026-10-11T01:37:59+05:30,2026-10-11T00:30,North Central,Polonnaruwa,Polonnaruwa,North Central,7.93965,81.00274,71,p2,25,94,0.56,1009
2026-10-11T01:37:59+05:30,2026-10-11T00:30,North Western,Chilaw,Chilaw,North Western,7.57583,79.79528,56,p2,27,80,5.83,1010
2026-10-11T01:37:59+05:30,2026-10-11T00:30,North Western,Kurunegala,Kurunegala,North Western,7.4863,80.3623,33,p2,23,96,0.83,1004
2026-10-11T01:37:59+05:30,2026-10-11T00:30,North Western,Puttalam,Puttalam,North Western,8.0362,79.8283,44,p2,26,84,4.44,1010
2026-10-11T01:37:59+05:30,2026-10-11T00:30,Northern Province,Adampan,Adampan,Northern Province,8.94044,80.00055,58,p2,26,93,2.22,1010
2026-10-11T01:37:59+05:30,2026-10-11T00:30,Northern Province,Jaffna,Jaffna,Northern Province,9.66845,80.00742,107,p2,28,81,3.61,1011
2026-10-11T01:37:59+05:30,2026-10-11T00:30,Northern Province,Kilinochchi,Kilinochchi,Northern Province,9.3961,80.3982,104,p2,27,83,2.22,1011
2026-10-11T01:37:59+05:30,2026-10-10T19:30,Northern Province,Mulliyavalai,Mulliyavalai,Northern Province,9.2186,80.7671,69,p2,27,82,1.39,1009
2026-10-11T01:37:59+05:30,2026-10-11T00:30,Sabaragamuwa,Kalawana,Kalawana,Sabaragamuwa,6.4562,80.4504,33,p2,21,96,1.39,1021
2026-10-11T01:37:59+05:30,2026-10-11T00:30,Sabaragamuwa,Ratnapura,Ratnapura,Sabaragamuwa,6.68278,80.39917,50,p2,24,95,1.39,981
2026-10-11T01:37:59+05:30,2026-10-10T19:30,Southern,Ambalangoda,Ambalangoda,Southern,6.2355,80.0538,33,p2,25,95,3.33,1011
2026-10-11T01:37:59+05:30,2026-10-11T00:30,Southern,Deniya,Deniya,Southern,6.14041,80.94763,28,p2,26,87,2.22,1011
2026-10-11T01:37:59+05:30,2026-10-11T00:30,Southern,Galle,Galle,Southern,6.0367,80.217,44,p2,25,94,3.06,1010
2026-10-11T01:37:59+05:30,2026-10-11T00:30,Uva,Ella Town,Ella Town,Uva,6.8756,81.0463,50,p2,19,90,1.94,1043
2026-10-11T01:37:59+05:30,2026-10-10T19:30,Uva,Monaragala,Monaragala,Uva,6.8714,81.3487,38,p2,24,91,1.67,998
2026-10-11T01:37:59+05:30,2026-10-11T01:30,Western,Battaramulla,Battaramulla,Western,6.886626,79.938534,57,p2,25,90,1.67,1012
2026-10-11T01:37:59+05:30,2026-10-11T01:30,Western,Colombo,Colombo,Western,6.909445,79.87534,52,p2,26,90,1.67,1010
2026-10-11T01:37:59+05:30,2026-10-11T00:30,Western,Gampaha,Gampaha,Western,7.0897,79.9925,49,p2,25,95,0.83,1008
2026-10-11T01:37:59+05:30,2026-10-11T00:30,Western,Negombo,Negombo,Western,7.2083,79.8358,44,p2,27,80,4.44,1010
2026-10-11T01:37:59+05:30,2026-10-11T00:30,Western,Nugegoda,Nugegoda,Western,6.87485,79.89345,49,p2,26,90,1.67,1010
