province,city,lat,lon
Western,Colombo,6.9271,79.8612
Western,Negombo,7.2008,79.8737
Western,Kalutara,6.5854,79.9607
Western,Gampaha,7.0917,79.9999
Western,Moratuwa,6.7730,79.8816
Central,Kandy,7.2906,80.6337
Central,Nuwara Eliya,6.9497,80.7891
Central,Matale,7.4675,80.6234
Southern,Galle,6.0535,80.2210
Southern,Matara,5.9549,80.5550
Southern,Hambantota,6.1241,81.1185
Northern,Jaffna,9.6615,80.0255
Northern,Vavuniya,8.7514,80.4971
Northern,Mannar,8.9810,79.9044
Northern,Kilinochchi,9.3803,80.3770
Northern,Mullaitivu,9.2671,80.8142
Eastern,Trincomalee,8.5874,81.2152
Eastern,Batticaloa,7.7102,81.6924
Eastern,Ampara,7.2975,81.6820
North Western,Kurunegala,7.4863,80.3623
North Western,Puttalam,8.0408,79.8394
North Western,Chilaw,7.5758,79.7953
North Central,Anuradhapura,8.3114,80.4037
North Central,Polonnaruwa,7.9403,81.0188
Uva,Badulla,6.9934,81.0550
Uva,Monaragala,6.8728,81.3507
Sabaragamuwa,Ratnapura,6.7056,80.3847
Sabaragamuwa,Kegalle,7.2513,80.3464
