state,city
Central,Nuwara Eliya
Eastern Province,Ampara
Eastern Province,Batticaloa
Eastern Province,Trincomalee
North Central,Anuradhapura
North Central,Polonnaruwa
North Western,Chilaw
North Western,Kurunegala
North Western,Puttalam
Northern Province,Adampan
Northern Province,Jaffna
Northern Province,Kilinochchi
Northern Province,Mulliyavalai
Sabaragamuwa,Kalawana
Sabaragamuwa,Ratnapura
Southern,Ambalangoda
Southern,Deniya
Southern,Galle
Uva,Ella Town
Uva,Monaragala
Western,Battaramulla
Western,Colombo
Western,Gampaha
Western,Negombo
Western,Nugegoda
