collected_at,observed_at,province,city,lat,lon,us_aqi,pm2_5,pm10,ozone,nitrogen_dioxide,sulphur_dioxide,carbon_monoxide,temperature_2m,relative_humidity_2m,precipitation,wind_speed_10m,weather_code
2026-10-02T23:01:26+05:30,2026-10-02T22:30,Western,Colombo,6.9271,79.8612,79,13.6,16.4,42.0,22.6,6.4,1909.0,25.0,95,0.4,7.1,80
2026-10-02T23:01:26+05:30,2026-10-02T22:30,Western,Negombo,7.2008,79.8737,85,23.7,26.1,36.0,36.6,14.4,1646.0,24.9,95,1.0,6.2,95
2026-10-02T23:01:26+05:30,2026-10-02T22:30,Western,Kalutara,6.5854,79.9607,72,14.5,19.2,33.0,20.9,1.5,1149.0,24.0,98,0.2,8.5,53
2026-10-02T23:01:26+05:30,2026-10-02T22:30,Western,Gampaha,7.0917,79.9999,85,23.7,26.1,36.0,36.6,14.4,1417.0,24.6,98,0.4,3.2,80
2026-10-02T23:01:26+05:30,2026-10-02T22:30,Western,Moratuwa,6.773,79.8816,79,13.6,16.4,42.0,22.6,6.4,1588.0,24.8,98,0.1,9.3,51
2026-10-02T23:01:26+05:30,2026-10-02T22:30,Central,Kandy,7.2906,80.6337,81,36.2,37.5,13.0,22.2,4.2,1467.0,22.8,95,0.0,1.0,1
2026-10-02T23:01:26+05:30,2026-10-02T22:30,Central,Nuwara Eliya,6.9497,80.7891,66,14.3,15.3,43.0,12.0,2.3,795.0,14.5,100,0.0,2.5,3
2026-10-02T23:01:26+05:30,2026-10-02T22:30,Central,Matale,7.4675,80.6234,75,23.9,27.1,34.0,13.1,4.8,373.0,23.7,99,0.0,1.0,0
2026-10-02T23:01:26+05:30,2026-10-02T22:30,Southern,Galle,6.0535,80.221,71,22.9,29.5,12.0,28.3,2.9,3094.0,24.6,95,0.1,2.6,51
2026-10-02T23:01:26+05:30,2026-10-02T22:30,Southern,Matara,5.9549,80.555,71,22.9,29.5,12.0,28.3,2.9,587.0,24.1,96,0.0,7.0,3
2026-10-02T23:01:26+05:30,2026-10-02T22:30,Southern,Hambantota,6.1241,81.1185,66,12.3,22.1,33.0,5.5,1.6,282.0,26.0,93,0.0,5.3,0
2026-10-02T23:01:26+05:30,2026-10-02T22:30,Northern,Jaffna,9.6615,80.0255,60,12.8,19.1,53.0,6.0,1.3,406.0,28.4,74,0.0,9.4,0
2026-10-02T23:01:26+05:30,2026-10-02T22:30,Northern,Vavuniya,8.7514,80.4971,61,12.9,17.4,42.0,4.1,1.1,153.0,26.7,78,0.0,7.8,0
2026-10-02T23:01:26+05:30,2026-10-02T22:30,Northern,Mannar,8.981,79.9044,65,14.2,19.6,55.0,2.7,1.3,135.0,28.6,72,0.0,12.6,1
2026-10-02T23:01:26+05:30,2026-10-02T22:30,Northern,Kilinochchi,9.3803,80.377,56,11.0,15.7,47.0,3.6,1.0,176.0,28.0,76,0.0,7.5,0
2026-10-02T23:01:26+05:30,2026-10-02T22:30,Northern,Mullaitivu,9.2671,80.8142,60,14.2,22.8,62.0,1.3,1.1,133.0,28.5,74,0.0,10.1,0
2026-10-02T23:01:26+05:30,2026-10-02T22:30,Eastern,Trincomalee,8.5874,81.2152,59,12.7,18.4,61.0,5.8,1.6,344.0,27.8,75,0.0,7.8,0
2026-10-02T23:01:26+05:30,2026-10-02T22:30,Eastern,Batticaloa,7.7102,81.6924,62,13.1,17.9,92.0,1.9,2.0,151.0,28.0,79,0.0,5.9,0
2026-10-02T23:01:26+05:30,2026-10-02T22:30,Eastern,Ampara,7.2975,81.682,66,12.7,16.6,54.0,3.7,1.3,160.0,26.9,85,0.0,4.7,0
2026-10-02T23:01:26+05:30,2026-10-02T22:30,North Western,Kurunegala,7.4863,80.3623,93,29.2,30.5,47.0,25.7,16.1,727.0,24.1,97,0.1,7.0,51
2026-10-02T23:01:26+05:30,2026-10-02T22:30,North Western,Puttalam,8.0408,79.8394,72,12.8,16.7,60.0,15.2,12.6,245.0,24.9,97,0.0,7.8,2
2026-10-02T23:01:26+05:30,2026-10-02T22:30,North Western,Chilaw,7.5758,79.7953,63,14.9,21.8,80.0,10.5,7.6,691.0,24.9,99,1.0,4.0,95
2026-10-02T23:01:26+05:30,2026-10-02T22:30,North Central,Anuradhapura,8.3114,80.4037,72,19.4,24.4,35.0,11.7,2.7,487.0,25.7,95,0.0,6.7,0
2026-10-02T23:01:26+05:30,2026-10-02T22:30,North Central,Polonnaruwa,7.9403,81.0188,61,13.4,18.0,82.0,4.3,2.1,380.0,26.2,88,0.0,4.6,0
2026-10-02T23:01:26+05:30,2026-10-02T22:30,Uva,Badulla,6.9934,81.055,67,15.9,18.0,34.0,8.5,1.6,377.0,22.1,96,0.0,2.7,1
2026-10-02T23:01:26+05:30,2026-10-02T22:30,Uva,Monaragala,6.8728,81.3507,67,15.9,18.0,34.0,8.5,1.6,204.0,24.6,100,0.0,2.6,3
2026-10-02T23:01:26+05:30,2026-10-02T22:30,Sabaragamuwa,Ratnapura,6.7056,80.3847,75,13.6,14.1,35.0,15.7,3.8,618.0,24.5,98,0.0,3.8,1
2026-10-02T23:01:26+05:30,2026-10-02T22:30,Sabaragamuwa,Kegalle,7.2513,80.3464,111,46.7,48.0,25.0,34.4,12.0,981.0,24.4,98,0.6,3.6,80
